MurlidharKannaujiya19,KhemkaAbhinav1549@gmail.com,AOliLt
ChandrabhanDeshpande94,MeenaDevesh2643@gmail.com,x@Z7Jz
AnanyaBahuguna1,SenPremlata6341@gmail.com,gtGLQN
PrayagLakhotia7,KayasthManas1705@gmail.com,pasYtu
NarendraChaubey26,MalhotraMinakshi7526@gmail.com,C3usWx
RidhimaGoyal20,ChoudhuriMeena405@gmail.com,wCpL9J
JeetendraDeewan74,BaghelYash2383@gmail.com,vZ@bz#
DharamBose54,SrivatsaPramad8597@gmail.com,I8b6h5
RajeshwarUmrao48,MathurKokila2699@gmail.com,6hKlj3
SandeepBhatt45,BindShubhi2478@gmail.com,xfWFts
UtkarshNaik28,HaldarShatrughna4290@gmail.com,CwttZo
SheelaKayasth31,BharatiMeghna7944@gmail.com,ZXaayw
KamalaParmar40,UmarAbhisar8866@gmail.com,w6Zs7T
HarishankarVishwakarma32,AcharyaNagendra8323@gmail.com,b66p7J
IndraniBhandari72,RaoRamdev38@gmail.com,IeZafu
IndumatiBhawsar5,RodeApurva6268@gmail.com,eZk6Ql
ShubhVyas2,PujariSudarshini320@gmail.com,gqHmDf
ShashankBahuguna41,RoshanPraveen123@gmail.com,gbOTEo
TanujaChaturvedi46,MondalShilpi6562@gmail.com,CwiLVa
AdyashankarGhoshal75,ChouhanIshika6638@gmail.com,yz6uTT
ShrikantMaheshwari3,AhaleNavneet2508@gmail.com,IMqNyT
KalicharanShastry20,SrivatsaShubhi821@gmail.com,oNd#LL
PrafullTripathi60,SahaPooja1321@gmail.com,9C7DjZ
DharaPathak80,OberoiDharam1618@gmail.com,k@GT4G
SunainaBhaskar97,DograVallabh4438@gmail.com,FYUZkA
DharaKamath5,KadamVibhuti9817@gmail.com,Klh2VD
ArunitaGavaskar35,SamplaDivyanshu8356@gmail.com,yoXWne
PratibhaParmar67,TiwariLalit5526@gmail.com,@EqmFn
NagendraNair90,BiswasRamnarayan996@gmail.com,tQsDGl
MonikaPandit91,NarayanIshani7209@gmail.com,uk8Ji9
PushkarPhogat10,AnandGudiya819@gmail.com,doxKgf
NaradDholakia33,KaulVishwas2163@gmail.com,DhV93t
VijendraPurohit96,GhoshalArun1673@gmail.com,RFeSK6
SuneetiParekh61,KhattarNeel4082@gmail.com,nbL3Ky
SameetNaik72,BhansaliDamyanti848@gmail.com,UU8Akf
ViratValmiki46,ChoudhuriJavitri203@gmail.com,nf7tu6
RahulSawant46,NagarAtishay6516@gmail.com,LL65gJ
GaneshSrivatsa80,ChopraRajeshwar3070@gmail.com,k#Vf4u
HarshitRoy38,BindraTanishka6283@gmail.com,te1f@7
ReetaSinha41,SarkarLata511@gmail.com,1nWGrA
EklavyaSinha1,BhansaliAnkit924@gmail.com,JhYSXh
ManasChandravanshi12,GaurPrerna1673@gmail.com,2RngQf
VaagishwariDeol60,SonkarGautami9633@gmail.com,qhJc@e
PriyaRaj96,AhujaBhagvant8499@gmail.com,7dn35#
RachanaGunji26,RajawatAnmol3619@gmail.com,UuhYQ4
MarkandeyaBakshi35,BatraParth6485@gmail.com,qrPVBA
SudhaPathak80,SuryavanshiShakumbhari2966@gmail.com,ceoLgZ
ArpitaParekh13,KaulAnkush4611@gmail.com,#9xpsG
SudeshnaArora98,GoenkaTanu4330@gmail.com,Avp5@k
DhruvBhandarkar1,DeshpandeAnjali905@gmail.com,jIpzVD
ChiragChakraborty44,ThakurRashi2188@gmail.com,4VlMkB
AshutoshMalhotra12,ReddyKalloo5857@gmail.com,gL7fsM
ShashwatSardana16,RathiPreyash524@gmail.com,OfwHeT
JanardanAnand28,BhatRita9133@gmail.com,7J46Ee
YudhiTiwari38,JavdekarVishal6897@gmail.com,LBzX54
MukulPujari78,ChandrachudMitali9992@gmail.com,6Ida*b
GuddooSupriyo62,LakhotiaShakuntala2908@gmail.com,QwmqTj
AkankshaMaheshwari28,ShastrySonal9408@gmail.com,vSyZ*u
VallabhJalan81,MittalRajshree1271@gmail.com,5DFB@d
PoojaTandon19,BhasinAnadi9838@gmail.com,fma42v
UditChopra33,DuttSameeksha6622@gmail.com,QKTE9u
HavishaNag96,KhandelwalKetki6919@gmail.com,rEWj6R
ManibhushanSahay5,TagoreSavita9256@gmail.com,GMjip*
HimadriSarkar39,DholakiaShreejesh8866@gmail.com,*OxANj
YudhiSahu8,MumukshuNamrata4698@gmail.com,UJNyVE
UmashankarAnand98,AtlaniDivakar9458@gmail.com,2jdokO
ChandramauliScindia79,GaurRavi3915@gmail.com,a4K7T8
HarikaBhandari49,BhawsarSudesh338@gmail.com,OjnyN3
KritiKumar10,NathSonal5797@gmail.com,E#qmj3
KanaklataDhanuka75,KadamDevyani1335@gmail.com,W@pbsP
JatinJethwani99,MaaliLav7457@gmail.com,rSmpFH
VinayakBindra30,MundaManjushree5326@gmail.com,gdOO15
AnushkaGhosh49,MangeshkarNishu6928@gmail.com,lr7t@2
ShatakshiSethi95,KeshariManorama7176@gmail.com,Y#qITp
RatneshBisht95,JaiswalSudheer142@gmail.com,aipvcq
TriptiGoswami95,GangulySamanata7605@gmail.com,U*voo9
AtishaySupriyo36,FadnavisShivendra7358@gmail.com,3rURYP
RishikeshHajariya44,KothariSoham9965@gmail.com,xgS8wl
PrekshaJethwani87,JainKamini8108@gmail.com,x4#5d7
NarayanSardana50,ChaubeyUrjita531@gmail.com,5TAfcT
PrashansaUnadkat21,KhaitanSamraggi3997@gmail.com,kYtiWt
ShantiKher33,NegiKalloo9278@gmail.com,Y6FYXz
NarendraBhatnagar46,HazariHimanshu1872@gmail.com,ENohgE
SudarshiniJethwani66,ThakkarSohini1511@gmail.com,bF9r9l
NeerajBhargav52,GaonkarNarendra393@gmail.com,kJZN#I
HarshSengupta34,DeyBhargav5421@gmail.com,t4Swli
KedarnathMondal11,DwivediPadma8057@gmail.com,aZWfGB
AbhishekChandrachud66,TandonPremlata3638@gmail.com,FeUe8Z
HimadriAhir80,ChouhanShaily5134@gmail.com,VWF@yB
ShantaNahar44,ValmikiNandini5251@gmail.com,*@HcSV
AyushThakur76,MondalApoorv3523@gmail.com,s@sZW2
TripurariRaj18,GiriAnkush9313@gmail.com,rMBzKH
RaginiNautiyal55,BhatiAishwaran6392@gmail.com,DdHBek
TarunPatwari55,JoshiShilpi7261@gmail.com,3uVkR2
RavinderMeena41,KamalBheeshma4647@gmail.com,l4qR@k
IshitaChaturvedi86,FadnavisIshika613@gmail.com,@Uf#lM
MuraliKaul64,SahuPratigya7735@gmail.com,Bu#H8T
HimanshiChawla16,DabralPratima3338@gmail.com,I#cFKi
LokendraBhadauria31,RajeShrinath754@gmail.com,IaXABv
RumpaLakhotia77,MauryaShaloo4247@gmail.com,CZC6OD
